-16535384,"isOnline","file://E:/study/use-effect-graph/src/App.tsx:25:9:25:16",-16535496,"useOnlineStatus","file://E:/study/use-effect-graph/src/App.tsx:6:10:6:24"
-16535380,"useEffe ... theme])","file://E:/study/use-effect-graph/src/App.tsx:27:3:29:13",-16535415,"theme","file://E:/study/use-effect-graph/src/App.tsx:16:10:16:14"
-16535362,"useEffe ... dUser])","file://E:/study/use-effect-graph/src/App.tsx:31:3:34:27",-16535457,"query","file://E:/study/use-effect-graph/src/App.tsx:12:10:12:14"
-16535362,"useEffe ... dUser])","file://E:/study/use-effect-graph/src/App.tsx:31:3:34:27",-16535436,"selectedUser","file://E:/study/use-effect-graph/src/App.tsx:14:10:14:21"
-16535328,"useEffe ... nline])","file://E:/study/use-effect-graph/src/App.tsx:36:3:40:16",-16535384,"isOnline","file://E:/study/use-effect-graph/src/App.tsx:25:9:25:16"
-16534006,"useEffe ... r?.id])","file://E:/study/use-effect-graph/src/components/ActivityFeed.tsx:24:3:28:16",-16534076,"user","file://E:/study/use-effect-graph/src/components/ActivityFeed.tsx:13:3:13:6"
-16533983,"useEffe ... rsion])","file://E:/study/use-effect-graph/src/components/ActivityFeed.tsx:30:3:51:28",-16534076,"user","file://E:/study/use-effect-graph/src/components/ActivityFeed.tsx:13:3:13:6"
-16533983,"useEffe ... rsion])","file://E:/study/use-effect-graph/src/components/ActivityFeed.tsx:30:3:51:28",-16534031,"refreshVersion","file://E:/study/use-effect-graph/src/components/ActivityFeed.tsx:20:10:20:23"
-16533885,"useEffe ...  kind])","file://E:/study/use-effect-graph/src/components/ActivityFeed.tsx:53:3:57:22",-16534063,"activity","file://E:/study/use-effect-graph/src/components/ActivityFeed.tsx:17:10:17:17"
-16533885,"useEffe ...  kind])","file://E:/study/use-effect-graph/src/components/ActivityFeed.tsx:53:3:57:22",-16534043,"kind","file://E:/study/use-effect-graph/src/components/ActivityFeed.tsx:19:10:19:13"
-16533856,"useEffe ...  user])","file://E:/study/use-effect-graph/src/components/ActivityFeed.tsx:59:3:66:41",-16534076,"user","file://E:/study/use-effect-graph/src/components/ActivityFeed.tsx:13:3:13:6"
-16533856,"useEffe ...  user])","file://E:/study/use-effect-graph/src/components/ActivityFeed.tsx:59:3:66:41",-16534073,"autoRefresh","file://E:/study/use-effect-graph/src/components/ActivityFeed.tsx:14:3:14:13"
-16533856,"useEffe ...  user])","file://E:/study/use-effect-graph/src/components/ActivityFeed.tsx:59:3:66:41",-16534070,"refreshSeconds","file://E:/study/use-effect-graph/src/components/ActivityFeed.tsx:15:3:15:16"
-16532535,"useEffe ... sOpen])","file://E:/study/use-effect-graph/src/components/SettingsPanel.tsx:29:3:36:14",-16532541,"isOpen","file://E:/study/use-effect-graph/src/components/SettingsPanel.tsx:27:10:27:15"
-16531345,"debouncedQuery","file://E:/study/use-effect-graph/src/components/Users.tsx:22:9:22:22",-16531420,"useDebouncedValue","file://E:/study/use-effect-graph/src/components/Users.tsx:3:10:3:26"
-16531345,"debouncedQuery","file://E:/study/use-effect-graph/src/components/Users.tsx:22:9:22:22",-16531363,"query","file://E:/study/use-effect-graph/src/components/Users.tsx:16:3:16:7"
-16531302,"useEffe ... eSize])","file://E:/study/use-effect-graph/src/components/Users.tsx:28:3:30:40",-16531360,"status","file://E:/study/use-effect-graph/src/components/Users.tsx:17:3:17:8"
-16531302,"useEffe ... eSize])","file://E:/study/use-effect-graph/src/components/Users.tsx:28:3:30:40",-16531357,"pageSize","file://E:/study/use-effect-graph/src/components/Users.tsx:18:3:18:10"
-16531302,"useEffe ... eSize])","file://E:/study/use-effect-graph/src/components/Users.tsx:28:3:30:40",-16531345,"debouncedQuery","file://E:/study/use-effect-graph/src/components/Users.tsx:22:9:22:22"
-16531288,"useEffe ... tatus])","file://E:/study/use-effect-graph/src/components/Users.tsx:32:3:49:30",-16531360,"status","file://E:/study/use-effect-graph/src/components/Users.tsx:17:3:17:8"
-16531288,"useEffe ... tatus])","file://E:/study/use-effect-graph/src/components/Users.tsx:32:3:49:30",-16531345,"debouncedQuery","file://E:/study/use-effect-graph/src/components/Users.tsx:22:9:22:22"
-16529519,"useEffe ... delay])","file://E:/study/use-effect-graph/src/hooks/useDebouncedValue.ts:6:3:14:20",-16529537,"value","file://E:/study/use-effect-graph/src/hooks/useDebouncedValue.ts:3:38:3:42"
-16529519,"useEffe ... delay])","file://E:/study/use-effect-graph/src/hooks/useDebouncedValue.ts:6:3:14:20",-16529536,"delay","file://E:/study/use-effect-graph/src/hooks/useDebouncedValue.ts:3:48:3:52"
-16529097,"useEffe ... value])","file://E:/study/use-effect-graph/src/hooks/usePersistentState.ts:9:3:11:18",-16529142,"key","file://E:/study/use-effect-graph/src/hooks/usePersistentState.ts:3:39:3:41"
-16529097,"useEffe ... value])","file://E:/study/use-effect-graph/src/hooks/usePersistentState.ts:9:3:11:18",-16529131,"value","file://E:/study/use-effect-graph/src/hooks/usePersistentState.ts:4:10:4:14"
